Pitch,Speed,Mass
89.8633923895862,10.065568198734939,2790.000244140625
89.86337552663011,10.09665972942954,2790.000244140625
89.86336445143326,10.127751322583414,2790.000244140625
89.863348745055,10.158842976556208,2790.000244140625
89.86335280005633,10.189934693441762,2790.000244140625
89.86335362813162,10.221026472938878,2790.000244140625
89.8633448350606,10.252118314503292,2790.000244140625
89.86334740692065,10.283210217570238,2790.000244140625
89.86335590252648,10.314302184154649,2790.000244140625
89.86336364358321,10.345394214413508,2790.000244140625
89.86337369754692,10.376486305445482,2790.000244140625
89.86338754212845,10.407578461563439,2790.000244140625
89.8633954689822,10.438670680669828,2790.000244140625
89.86340500970537,10.469762963026076,2790.000244140625
89.86341493978189,10.500855308317364,2790.000244140625
89.86342196977303,10.531947716132336,2790.000244140625
89.86343676100195,10.56304018957002,2790.000244140625
89.86344635069187,10.59413272590038,2790.000244140625
89.86345108094451,10.625225326975391,2790.000244140625
89.86345559423907,10.656317995102444,2790.000244140625
89.86346041667858,10.687410724968691,2790.000244140625
89.86346042959029,10.718503519630303,2790.000244140625
89.86346117771379,10.749596379050034,2790.000244140625
89.86346439506642,10.780689302860125,2790.000244140625
89.86346064963612,10.811782296318134,2790.000244140625
89.86345187085797,10.842875354869426,2790.000244140625
89.86345106818887,10.873968478450445,2790.000244140625
89.8634427531842,10.905061667692886,2790.000244140625
89.86343559442865,10.936154923596575,2790.000244140625
89.86343173728274,10.967248245312662,2790.000244140625
89.86342473306269,10.998341633955437,2790.000244140625
89.86341639288196,11.02943508945982,2790.000244140625
89.86340982146788,11.060528609615144,2790.000244140625
89.86339613905194,11.091622198785318,2790.000244140625
89.8633941621734,11.122715855941255,2790.000244140625
89.8633917398728,11.153809579490392,2790.000244140625
89.863383641057,11.184903371790792,2790.000244140625
89.86338032246114,11.215997230546025,2790.000244140625
89.86338397860155,11.247091161625647,2790.000244140625
89.86338299114355,11.278185157198946,2790.000244140625
89.86338656702083,11.309279222986639,2790.000244140625
89.86338817052314,11.340373359566582,2790.000244140625
89.86338778165799,11.371467562904682,2790.000244140625
89.86339250301243,11.402561836714668,2790.000244140625
89.86340508884037,11.433656180371434,2790.000244140625
89.86341102710719,11.464750591194818,2790.000244140625
89.86341135115423,11.495845072291862,2790.000244140625
89.86341764176412,11.52693962374708,2790.000244140625
89.86341921467418,11.558034246060544,2790.000244140625
89.86342325489535,11.589128939180512,2790.000244140625
89.86342168106191,11.620223700958745,2790.000244140625
89.86342471970862,11.65131853353246,2790.000244140625
89.86342841975163,11.68241343684777,2790.000244140625
89.86343360582927,11.713508410890352,2790.000244140625
89.86343846250276,11.744603455750841,2790.000244140625
89.86343688907279,11.775698572622979,2790.000244140625
89.86343516111357,11.806793760386013,2790.000244140625
89.86343599286076,11.837889019926415,2790.000244140625
89.86343229273496,11.868984353939958,2790.000244140625
89.86342682866321,11.900079759323281,2790.000244140625
89.86342413053272,11.931175235825517,2790.000244140625
89.86342271223606,11.96227078437472,2790.000244140625
89.86341532774127,11.993366405336095,2790.000244140625
89.86341441636517,12.02446209856544,2790.000244140625
89.86340476122706,12.055557866273844,2790.000244140625
89.86340656410206,12.086653707731418,2790.000244140625
89.8634065805974,12.117749623851246,2790.000244140625
89.86340706101088,12.148845615051936,2790.000244140625
89.86340768955245,12.17994167702893,2790.000244140625
89.86340801552882,12.211037812867541,2790.000244140625
89.86341074642836,12.242134024336531,2790.000244140625
89.86341138180852,12.273230310817228,2790.000244140625
89.86341127540067,12.304326669929349,2790.000244140625
89.86341129248596,12.335423104097886,2790.000244140625
89.8634132078508,12.366519614063394,2790.000244140625
89.86341322511738,12.397616199327695,2790.000244140625
89.86340711864169,12.428712861278923,2790.000244140625
89.8634137419828,12.459809597945112,2790.000244140625
89.86341406873744,12.490906409551865,2790.000244140625
89.86341342506894,12.522003295283449,2790.000244140625
89.86341569300508,12.553100257939532,2790.000244140625
89.8634211910047,12.584197298919344,2790.000244140625
89.86341591447152,12.615294414412151,2790.000244140625
89.86341306374305,12.64639160679882,2790.000244140625
89.86341595049686,12.677488875616149,2790.000244140625
89.8634198286412,12.708586222602626,2790.000244140625
89.86341747296358,12.739683647591956,2790.000244140625
89.86341715097397,12.770781148749462,2790.000244140625
89.86341561146692,12.801878728558655,2790.000244140625
89.86341948905121,12.832976384741624,2790.000244140625
89.86341760938689,12.864074119533,2790.000244140625
89.86341511755651,12.895171932405361,2790.000244140625
89.86341226729539,12.926269821669703,2790.000244140625
89.86340737630363,12.957367792688132,2790.000244140625
89.86340913890388,12.98846584104681,2790.000244140625
89.86341222449073,13.019563970059396,2790.000244140625
89.86341236711837,13.050662177730377,2790.000244140625
89.86341463676467,13.081760464726777,2790.000244140625
89.86341465608612,13.112858830650323,2790.000244140625
89.86342567720402,13.175055804313395,2790.000244140625
89.86342124986194,13.20615441030138,2790.000244140625
89.8634267923435,13.237253097380114,2790.000244140625
89.86342454131368,13.268351864357248,2790.000244140625
89.8634249198033,13.299450711695698,2790.000244140625
89.86342671451473,13.330549639537631,2790.000244140625
89.8634257328642,13.36164865019975,2790.000244140625
89.8634257732478,13.423846910987312,2790.000244140625
89.86343208946923,13.454946165371137,2790.000244140625
89.86343318573122,13.486045499949938,2790.000244140625
89.86343300296555,13.517144918975825,2790.000244140625
89.86343251667581,13.54824442007161,2790.000244140625
89.8634241524122,13.579344001581676,2790.000244140625
89.86341416169239,13.610443666098472,2790.000244140625
89.86341786739669,13.641543415990565,2790.000244140625
89.86341904470842,13.672643247630344,2790.000244140625
89.86341635160602,13.703743162583592,2790.000244140625
89.86341381317634,13.73484316010019,2790.000244140625
89.8634146074638,13.765943240969511,2790.000244140625
89.86341268757945,13.797043405559563,2790.000244140625
89.86341982040723,13.828143652837683,2790.000244140625
89.86342046034054,13.859243984393233,2790.000244140625
89.86342017283235,13.890344402450465,2790.000244140625
89.86342050377792,13.92144490340574,2790.000244140625
89.8634221578656,13.952545487340387,2790.000244140625
89.86342279819881,13.98364615732092,2790.000244140625
89.86342282026128,14.014746911620815,2790.000244140625
89.86342430795183,14.045847751691946,2790.000244140625
89.8634243302056,14.076948676574734,2790.000244140625
89.8634270358212,14.10804968784875,2790.000244140625
89.86342949446717,14.139150786807688,2790.000244140625
89.86342851527793,14.170251970188112,2790.000244140625
89.86342259440258,14.201353238231828,2790.000244140625
89.86341950143265,14.23245459260172,2790.000244140625
89.86341852256353,14.263556034867097,2790.000244140625
89.86341306534347,14.29465756217576,2790.000244140625
89.8634131519863,14.325759177628303,2790.000244140625
89.86340552532803,14.356860880762495,2790.000244140625
89.8634071621705,14.387962672190078,2790.000244140625
89.86340673991235,14.419064552072845,2790.000244140625
89.86341217324406,14.450166518286784,2790.000244140625
89.8634144469476,14.481268572728018,2790.000244140625
89.86341447059425,14.512370716046938,2790.000244140625
89.86341879724739,14.543472946084243,2790.000244140625
89.86342847418418,14.605677669047648,2790.000244140625
89.86342949992297,14.636780163915512,2790.000244140625
89.86342998792811,14.66788274871967,2790.000244140625
89.86343696972916,14.698985423343442,2790.000244140625
89.86343699409794,14.730088185821018,2790.000244140625
89.8634374823912,14.761191038118199,2790.000244140625
89.86343704313568,14.792293980708248,2790.000244140625
89.86343706780605,14.823397012810807,2790.000244140625
89.86343709258098,14.854500135190097,2790.000244140625
89.86343533093537,14.885603348390985,2790.000244140625
89.86342972105132,14.916706651798298,2790.000244140625
89.86341871460203,14.978913529542167,2790.000244140625
89.86342693452471,15.010017106304977,2790.000244140625
89.86341806129948,15.041120775795564,2790.000244140625
89.86341518693173,15.072224533260002,2790.000244140625
89.86341544115072,15.103328384525657,2790.000244140625
89.86341967913282,15.13443232748778,2790.000244140625
89.86342016878004,15.165536362646343,2790.000244140625
89.86341942167233,15.19664049013193,2790.000244140625
89.86341140785936,15.227744707974662,2790.000244140625
89.86340695467904,15.258849020059266,2790.000244140625
89.86340690017478,15.289953424555936,2790.000244140625
89.86340498577057,15.321057920784636,2790.000244140625
89.8634081274511,15.352162513231843,2790.000244140625
89.86341074454037,15.383267197682496,2790.000244140625
89.8634113897349,15.414371974293635,2790.000244140625
89.8634173615862,15.445476845877076,2790.000244140625
89.86341485608301,15.507686869722546,2790.000244140625
89.86341918613557,15.5387920255361,2790.000244140625
89.86341967722085,15.569897273905275,2790.000244140625
89.86341989038361,15.60100261768861,2790.000244140625
89.86341817426802,15.632108055316062,2790.000244140625
89.86341882027367,15.663213589264258,2790.000244140625
89.86341884793163,15.694319216769138,2790.000244140625
89.86342479878977,15.725424939715069,2790.000244140625
89.86342142020563,15.756530760380038,2790.000244140625
89.86341674028166,15.787636674785032,2790.000244140625
89.86341789338523,15.818742685761462,2790.000244140625
89.86341389677762,15.849848794534886,2790.000244140625
89.86341878755798,15.880954997707985,2790.000244140625
89.86341881598332,15.912061298420657,2790.000244140625
89.86341884452277,15.943167697207315,2790.000244140625
89.86341774806871,15.974274190065008,2790.000244140625
89.86341777682843,16.005380779947878,2790.000244140625
89.8634176082739,16.036487470350405,2790.000244140625
89.86341592277164,16.098701139024545,2790.000244140625
89.8634138251532,16.12980812050161,2790.000244140625
89.8634138544726,16.160915199508484,2790.000244140625
89.86341567032936,16.192022378339463,2790.000244140625
89.86341682498536,16.223129655346472,2790.000244140625
89.86342120322833,16.25423703037092,2790.000244140625
89.86341908518138,16.28534450298231,2790.000244140625
89.86341473689905,16.3475597493391,2790.000244140625
89.86341476701895,16.378667519172062,2790.000244140625
89.86341479725174,16.409775392076728,2790.000244140625
89.8634116496841,16.440883364506693,2790.000244140625
89.8634093771462,16.47199143679967,2790.000244140625
89.86341318784861,16.503099609015354,2790.000244140625
89.86341580915635,16.534207881294755,2790.000244140625
89.86341358977812,16.565316253867778,2790.000244140625
89.86341103006264,16.59642472570023,2790.000244140625
89.86340728110346,16.627533300831068,2790.000244140625
89.86340731225881,16.65864197542346,2790.000244140625
89.86341136837571,16.689750753460682,2790.000244140625
89.86341951406031,16.72085963096219,2790.000244140625
89.86341963773498,16.75196861022899,2790.000244140625
89.8634191939817,16.78307769359071,2790.000244140625
89.86341891648172,16.81418687850993,2790.000244140625
89.86341925757394,16.845296163324633,2790.000244140625
89.86342221036675,16.876405551880286,2790.000244140625
89.86341637899501,16.90751504180256,2790.000244140625
89.86341497686021,16.938624636567546,2790.000244140625
89.86341690737474,16.969734333321078,2790.000244140625
89.86341314345006,17.00084413356211,2790.000244140625
89.8634169723845,17.031954037382373,2790.000244140625
89.8634154901205,17.06306404645939,2790.000244140625
89.86341933083695,17.094174157164222,2790.000244140625
89.86341936375597,17.12528437402297,2790.000244140625
89.86341939679694,17.156394694421042,2790.000244140625
89.86341822422725,17.18750511678528,2790.000244140625
89.8634178743052,17.218615645069725,2790.000244140625
89.86341654965575,17.280837016127993,2790.000244140625
89.86341658329877,17.311947859419046,2790.000244140625
89.86341213746516,17.343058808608134,2790.000244140625
89.8634118620878,17.37416986246222,2790.000244140625
89.86341592082867,17.405281021606097,2790.000244140625
89.86341356567786,17.43639228792138,2790.000244140625
89.8634127842971,17.467503659816433,2790.000244140625
89.86341394356776,17.498615138731118,2790.000244140625
89.86341700104808,17.529726723003012,2790.000244140625
89.86341447658702,17.560838414632936,2790.000244140625
89.86341853593451,17.591950213537533,2790.000244140625
89.86341855560057,17.623062116649578,2790.000244140625
89.86342564212205,17.685286246264962,2790.000244140625
89.86342534805338,17.716398474678765,2790.000244140625
89.8634245676012,17.747510809285643,2790.000244140625
89.86342650124824,17.778623253329258,2790.000244140625
89.8634320960502,17.840848465198427,2790.000244140625
89.86343143944598,17.871961234886403,2790.000244140625
89.86342991763107,17.9030741121281,2790.000244140625
89.8634322039988,17.93418709896164,2790.000244140625
89.8634322402283,17.965300193268245,2790.000244140625
89.86342840617594,17.996413397798843,2790.000244140625
89.86342032869027,18.02752671300753,2790.000244140625
89.86341803447476,18.058640137991276,2790.000244140625
89.86342178690538,18.08975367110669,2790.000244140625
89.86340891147294,18.120867313572077,2790.000244140625
89.8634209853076,18.15198106940139,2790.000244140625
89.86342102242473,18.183094933142492,2790.000244140625
89.86342109704317,18.245322992750133,2790.000244140625
89.86342234025068,18.27643718984977,2790.000244140625
89.86341802267005,18.30755149820485,2790.000244140625
89.86342100300426,18.338665918738297,2790.000244140625
89.86342100964427,18.36978044813831,2790.000244140625
89.86341736321303,18.40089509130976,2790.000244140625
89.86341813650324,18.43200984746346,2790.000244140625
89.86341464103458,18.463124714476642,2790.000244140625
89.8634152484699,18.494239694216166,2790.000244140625
89.86341041949755,18.525354786000918,2790.000244140625
89.86341340034599,18.556469991794664,2790.000244140625
89.86341336533698,18.58758530855463,2790.000244140625
89.86341309496758,18.618700739172635,2790.000244140625
89.86341746792378,18.649816284270443,2790.000244140625
89.86341587158157,18.680931941021356,2790.000244140625
89.8634136608981,18.712047711191484,2790.000244140625
89.86342143155521,18.743163596498754,2790.000244140625
89.86342377370298,18.774279593826922,2790.000244140625
89.8634289839606,18.805395705516887,2790.000244140625
89.86343172027556,18.836511934641564,2790.000244140625
89.86343176024693,18.867628279621904,2790.000244140625
89.86343033481744,18.898744738335765,2790.000244140625
89.86343458600818,18.92986131158172,2790.000244140625
89.86343596830952,18.960977999604808,2790.000244140625
89.86343600881126,18.992094803086538,2790.000244140625
89.86343049653833,19.02321172162378,2790.000244140625
89.86343609020665,19.054328755472785,2790.000244140625
89.86342949605134,19.085445906392078,2790.000244140625
89.86342734548344,19.147680556644538,2790.000244140625
89.86342109098466,19.178798055145965,2790.000244140625
89.8634203164575,19.209915671133526,2790.000244140625
89.86341704612424,19.272151253671808,2790.000244140625
89.86341526373116,19.303269219917343,2790.000244140625
89.86341933059067,19.334387303871903,2790.000244140625
89.86341563481237,19.36550550528786,2790.000244140625
89.86341003633235,19.39662382737866,2790.000244140625
89.86341182217544,19.427742267132082,2790.000244140625
89.86341414584749,19.458860824129253,2790.000244140625
89.86341593194571,19.489979496974165,2790.000244140625
89.86341505395825,19.521098288863204,2790.000244140625
89.8634161479988,19.552217199362826,2790.000244140625
89.8634229567211,19.583336231145253,2790.000244140625
89.86342156568581,19.61445538215686,2790.000244140625
89.8634282155414,19.645574650870525,2790.000244140625
89.86343568086593,19.67669404111627,2790.000244140625
89.86343429013517,19.70781354978323,2790.000244140625
89.86343231334274,19.77005292889012,2790.000244140625
89.86343877692815,19.801172798060552,2790.000244140625
89.86344151792134,19.832292787087283,2790.000244140625
89.86343835304537,19.863412898796255,2790.000244140625
89.86343539145558,19.894533129338352,2790.000244140625
89.86343543602881,19.9256534828955,2790.000244140625
89.86343358251968,19.9567739562924,2790.000244140625
89.86343687943453,19.9878945529619,2790.000244140625
89.86342625112302,20.019015268836164,2790.000244140625
89.86342629624578,20.050136107535685,2790.000244140625
89.863419229137,20.081257067662765,2790.000244140625
89.8634186560631,20.11237815087655,2790.000244140625
89.86341493942919,20.174620683174975,2790.000244140625
89.86341012276333,20.205742134661815,2790.000244140625
89.86340916707336,20.236863709905876,2790.000244140625
89.86340751662443,20.26798540613812,2790.000244140625
89.8634157626965,20.29910722567533,2790.000244140625
89.8634153917612,20.330229167515096,2790.000244140625
89.86342214516858,20.361351235979846,2790.000244140625
89.8634250601147,20.392473427790122,2790.000244140625
89.86342541622298,20.423595744266986,2790.000244140625
89.8634349003619,20.45471818623063,2790.000244140625
89.86344306260483,20.48584074948725,2790.000244140625
89.86345084158856,20.516963438066078,2790.000244140625
89.86344988733639,20.548086251463904,2790.000244140625
89.8634459366741,20.57920919036068,2790.000244140625
89.86345098418722,20.610332253021046,2790.000244140625
89.86345139075507,20.641455443105016,2790.000244140625
89.86343497331438,20.672578758916366,2790.000244140625
89.86343389655468,20.70370220015207,2790.000244140625
89.86343348087274,20.734825770112447,2790.000244140625
89.86343127950752,20.76594946561663,2790.000244140625
89.86343363230395,20.79707328672156,2790.000244140625
89.86343061523507,20.828197232639482,2790.000244140625
89.86343618778335,20.85932130568366,2790.000244140625
89.86343267566855,20.890445505533336,2790.000244140625
89.8634315996966,20.921569833644945,2790.000244140625
89.86342688208343,20.952694291016275,2790.000244140625
89.86343032756508,20.98381887325288,2790.000244140625
89.8634270014568,21.014943584709105,2790.000244140625
89.86341854802579,21.046068421042186,2790.000244140625
89.86341230166528,21.077193388626533,2790.000244140625
89.86341104076402,21.10831848301477,2790.000244140625
89.86341221601974,21.13944370534361,2790.000244140625
89.86341067739032,21.170569056470598,2790.000244140625
89.86341231678858,21.20169453664048,2790.000244140625
89.86341372105584,21.232820148435618,2790.000244140625
89.86341715517939,21.29507175565999,2790.000244140625
89.86341720622728,21.326197754366003,2790.000244140625
89.86342068525552,21.357323882558724,2790.000244140625
89.8634198993663,21.388450139851496,2790.000244140625
89.8634239444549,21.41957652854926,2790.000244140625
89.86342802090577,21.45070304659977,2790.000244140625
89.86343882716237,21.481829696882897,2790.000244140625
89.86343076466083,21.512956476740484,2790.000244140625
89.86343263412526,21.54408338710444,2790.000244140625
89.86343442986727,21.575210430781077,2790.000244140625
89.86343417299643,21.606337603458716,2790.000244140625
89.86343612367797,21.63746490925936,2790.000244140625
89.86343458751065,21.668592347746458,2790.000244140625
89.8634346403609,21.699719915463714,2790.000244140625
89.86343294986875,21.73084761670598,2790.000244140625
89.86343292916335,21.76197544936199,2790.000244140625
89.86342898896802,21.793103414908252,2790.000244140625
89.86342779405392,21.82423151344226,2790.000244140625
89.86343526950498,21.85535974347709,2790.000244140625
89.86342790143135,21.886488108452134,2790.000244140625
89.8634255194082,21.917616606642433,2790.000244140625
89.86342289075701,21.94874523585202,2790.000244140625
89.86343036662213,21.979873999519782,2790.000244140625
89.8634192836958,22.011002897954594,2790.000244140625
89.86342195230134,22.07326109912043,2790.000244140625
89.86341992312666,22.104390401844107,2790.000244140625
89.86342435489068,22.135519837582425,2790.000244140625
89.86342593999399,22.166649408570425,2790.000244140625
89.86342128754922,22.19777911191429,2790.000244140625
89.86342238730671,22.228908951835443,2790.000244140625
89.86342314215526,22.260038931350543,2790.000244140625
89.86342427348141,22.291169043699142,2790.000244140625
89.86342171609905,22.322299290863903,2790.000244140625
89.86341449361497,22.384560194031767,2790.000244140625
89.86342188480548,22.415690849933124,2790.000244140625
89.86342108325003,22.44682164229239,2790.000244140625
89.86342385373145,22.477952570841317,2790.000244140625
89.86342761753139,22.509083636553505,2790.000244140625
89.86343253714634,22.540214836907584,2790.000244140625
89.86343255156524,22.57134617626697,2790.000244140625
89.86343076015285,22.602477651653174,2790.000244140625
89.86343271584045,22.633609267102923,2790.000244140625
89.86343459105369,22.6647410207775,2790.000244140625
89.86343700063559,22.695872912381063,2790.000244140625
89.86344408348484,22.72700494263713,2790.000244140625
89.86344160025794,22.758137112232028,2790.000244140625
89.86344212236365,22.789269418968843,2790.000244140625
89.86344474047183,22.820401865151283,2790.000244140625
89.8634431918106,22.851534450541642,2790.000244140625
89.86344278679039,22.882667173729367,2790.000244140625
89.8634411021115,22.913800037775946,2790.000244140625
89.86344222945624,22.944933039985628,2790.000244140625
89.86343219593518,22.97606618130326,2790.000244140625
89.86342560658088,23.007199463954702,2790.000244140625
89.86342540978973,23.06946644781363,2790.000244140625
89.86342388079662,23.10060015024671,2790.000244140625
89.86341996824275,23.16286797652827,2790.000244140625
89.8634119129842,23.194002102101226,2790.000244140625
89.86341150955124,23.225136368890663,2790.000244140625
89.86341203421509,23.256270778654095,2790.000244140625
89.86342269598076,23.28740532902177,2790.000244140625
89.86342358927489,23.31854001765785,2790.000244140625
89.86341918392976,23.349674850407382,2790.000244140625
89.86341699555638,23.380809824749814,2790.000244140625
89.86341739773738,23.411944941763863,2790.000244140625
89.86343285348993,23.44308020286829,2790.000244140625
89.8634353734596,23.474215606550903,2790.000244140625
89.8634425049978,23.50535115483166,2790.000244140625
89.86344751465406,23.536486845939674,2790.000244140625
89.863447577007,23.56762267791481,2790.000244140625
89.86345025018002,23.598758655165533,2790.000244140625
89.86345325595909,23.629894775339736,2790.000244140625
89.86345037572647,23.661031040104145,2790.000244140625
89.86344557770003,23.692167448755733,2790.000244140625
89.86344261745408,23.72330400056512,2790.000244140625
89.86344237159844,23.754440698920355,2790.000244140625
89.86343717854444,23.78557754185447,2790.000244140625
89.86343724222189,23.816714529730348,2790.000244140625
89.8634373060671,23.84785166236046,2790.000244140625
89.86343219891059,23.878988939591135,2790.000244140625
89.86343110678902,23.910126362348574,2790.000244140625
89.86342564743853,23.941263931223762,2790.000244140625
89.86341933384568,23.97240164485637,2790.000244140625
89.86342251809671,24.003539502414363,2790.000244140625
89.86342480167487,24.034677508697364,2790.000244140625
89.86342377296192,24.06581566156015,2790.000244140625
89.86342193999346,24.096953961037475,2790.000244140625
89.86342243795052,24.128092407583132,2790.000244140625
89.8634177140895,24.159231002173865,2790.000244140625
89.8634152206456,24.190369743797692,2790.000244140625
89.86341803160214,24.221508631315324,2790.000244140625
89.86341748609948,24.25264766767518,2790.000244140625
89.86341341946904,24.28378685201932,2790.000244140625
89.86341905285941,24.314926182910828,2790.000244140625
89.86342105995246,24.346065660471172,2790.000244140625
89.86342143592604,24.377205288531062,2790.000244140625
89.86341817049436,24.408345065062672,2790.000244140625
89.86342843642743,24.439484990435606,2790.000244140625
89.8634352333213,24.470625064356575,2790.000244140625
89.86343533194912,24.501765288311553,2790.000244140625
89.86344433611882,24.5329056605428,2790.000244140625
89.86343841651794,24.564046183057695,2790.000244140625
89.86343848442992,24.59518685368909,2790.000244140625
89.86344067921398,24.626327672846905,2790.000244140625
89.86344074746448,24.6574686422617,2790.000244140625
89.86344112513176,24.688609764084685,2790.000244140625
89.86345132952124,24.719751036484194,2790.000244140625
89.86344776319275,24.750892459175905,2790.000244140625
89.86345000169887,24.78203403092317,2790.000244140625
89.86344832725781,24.813175756809507,2790.000244140625
89.86344611515835,24.844317631943508,2790.000244140625
89.86344101289498,24.875459657931362,2790.000244140625
89.86343952488761,24.906601837363716,2790.000244140625
89.86344253713372,24.9377441653086,2790.000244140625
89.86343753798809,24.968886645926556,2790.000244140625
89.86343231264945,25.000029279193413,2790.000244140625
89.86342994710202,25.031172064423714,2790.000244140625
89.8634247216287,25.062315001850372,2790.000244140625
89.86342270820326,25.09345809181889,2790.000244140625
89.86341558070473,25.124601334529792,2790.000244140625
89.86341596101569,25.155744733881374,2790.000244140625
89.8634171570921,25.18688828604812,2790.000244140625
89.86341773474065,25.21803199106282,2790.000244140625
89.86341447405371,25.249175847981537,2790.000244140625
89.86342636104084,25.28031985878914,2790.000244140625
89.86343328607897,25.311464025078912,2790.000244140625
89.86343400791759,25.342608346348857,2790.000244140625
89.86343438943418,25.373752821936638,2790.000244140625
89.86343455400815,25.40489745156063,2790.000244140625
89.86344577219374,25.467187176522035,2790.000244140625
89.86345232809953,25.49833227080095,2790.000244140625
89.86345885735825,25.529477521923702,2790.000244140625
89.86345893070659,25.560622927647003,2790.000244140625
89.86345955807262,25.591768487776022,2790.000244140625
89.8634571958594,25.62291420382463,2790.000244140625
89.86345424657897,25.654060075902507,2790.000244140625
89.86344807284361,25.68520610595412,2790.000244140625
89.86344558788562,25.716352293373642,2790.000244140625
89.86343529756374,25.747498635698594,2790.000244140625
89.86343537215842,25.778645134648613,2790.000244140625
89.86342469190336,25.809791792211158,2790.000244140625
89.863421082879,25.840938605776206,2790.000244140625
89.86341701005388,25.872085577210076,2790.000244140625
89.86341855090822,25.903232707164264,2790.000244140625
89.8634189356761,25.934379993565063,2790.000244140625
89.86341757714092,25.965527438053847,2790.000244140625
89.86341239527944,25.99667504256737,2790.000244140625
89.86341885397287,26.02782280225953,2790.000244140625
89.86341328938578,26.058970722281032,2790.000244140625
89.86341894780993,26.09011880086279,2790.000244140625
89.86341518583829,26.12126703964735,2790.000244140625
89.86342090343194,26.152415438620718,2790.000244140625
89.8634191631029,26.183563997360533,2790.000244140625
89.86342149009388,26.21471271336462,2790.000244140625
89.86342450955594,26.245861587310262,2790.000244140625
89.86342358544829,26.277010623092394,2790.000244140625
89.86342993744513,26.308159819883503,2790.000244140625
89.86343257430296,26.339309176640636,2790.000244140625
89.86343682390344,26.37045869375221,2790.000244140625
89.86344092677646,26.40160837065708,2790.000244140625
89.86344100520408,26.432758209687595,2790.000244140625
89.86344656572571,26.463908209241357,2790.000244140625
89.86344695378729,26.49505837172654,2790.000244140625
89.86344897345654,26.526208694595134,2790.000244140625
89.86344357052155,26.55735917917276,2790.000244140625
89.86344851344353,26.588509825341777,2790.000244140625
89.86344226387304,26.619660634461024,2790.000244140625
89.86344380913378,26.65081160465912,2790.000244140625
89.8634424235039,26.68196273861743,2790.000244140625
89.8634402538317,26.7131140354178,2790.000244140625
89.86343877665198,26.744265492716494,2790.000244140625
89.86343785550523,26.775417111734658,2790.000244140625
89.86343637867684,26.806568898595977,2790.000244140625
89.8634408358606,26.837720847378307,2790.000244140625
89.86343948271356,26.86887296008153,2790.000244140625
89.8634385623288,26.90002523509849,2790.000244140625
89.86343882973539,26.931177675882456,2790.000244140625
89.8634387253427,26.96233028109201,2790.000244140625
89.86343755893861,26.993483046577577,2790.000244140625
89.86343989072515,27.02463597858973,2790.000244140625
89.86343915727315,27.05578907506548,2790.000244140625
89.8634400552471,27.08694233815797,2790.000244140625
89.86344157196628,27.11809576503547,2790.000244140625
89.8634416547,27.14924935955254,2790.000244140625
89.86343805365581,27.18040311797838,2790.000244140625
89.86343554632553,27.211557042500562,2790.000244140625
89.86343965426622,27.24271113272509,2790.000244140625
89.86343955176415,27.27386538910865,2790.000244140625
89.8634414102718,27.30501981398521,2790.000244140625
89.86344072093509,27.336174401687074,2790.000244140625
89.86344157822077,27.367329156914266,2790.000244140625
89.86344232343535,27.398484079624573,2790.000244140625
89.86344240788733,27.42963916858951,2790.000244140625
89.86344249253001,27.4607944251166,2790.000244140625
89.86344191641884,27.49194985153768,2790.000244140625
89.86343897845444,27.52310544439874,2790.000244140625
89.8634413134539,27.55426120321603,2790.000244140625
89.86344139887063,27.585417130694715,2790.000244140625
89.86343923470163,27.616573224346986,2790.000244140625
89.86343932051433,27.64772948775423,2790.000244140625
89.86344084068647,27.678885918816064,2790.000244140625
89.86343949270274,27.710042519401867,2790.000244140625
89.86343988836694,27.74119928815897,2790.000244140625
89.86343710657654,27.772356226630606,2790.000244140625
89.86344052564104,27.80351333485386,2790.000244140625
89.86343983940465,27.834670613088164,2790.000244140625
89.86344069977741,27.86582806135489,2790.000244140625
89.86343896989564,27.896985678868358,2790.000244140625
89.86343893415413,27.928143466245523,2790.000244140625
89.86343530651537,27.959301423861053,2790.000244140625
89.86342848519611,27.990459551219963,2790.000244140625
89.86344142808257,28.021617850143002,2790.000244140625
89.8634433338521,28.052776318576033,2790.000244140625
89.86344198812616,28.08393496093074,2790.000244140625
89.86343362164578,28.115093771624878,2790.000244140625
89.86343736784612,28.146252756545945,2790.000244140625
89.86344229753736,28.177411911352788,2790.000244140625
89.86344048872402,28.20857123835653,2790.000244140625
89.86343696319278,28.239730736548296,2790.000244140625
89.86343418453606,28.270890408284373,2790.000244140625
89.86343790890226,28.302050251804268,2790.000244140625
89.86343594016246,28.33321026706818,2790.000244140625
89.86343403053462,28.364370455171784,2790.000244140625
89.86343573369376,28.39553081890793,2790.000244140625
89.86343439035214,28.426691355505728,2790.000244140625
89.86344388728497,28.457852064121354,2790.000244140625
89.86344397838054,28.4890129464999,2790.000244140625
89.86344550372651,28.520174001357326,2790.000244140625
89.8634478761368,28.55133523184376,2790.000244140625
89.8634438699659,28.582496638137556,2790.000244140625
89.8634455505734,28.613658217259257,2790.000244140625
89.86344822636546,28.644819968153744,2790.000244140625
89.86344909192879,28.675981895720795,2790.000244140625
89.86344867820681,28.707143997357424,2790.000244140625
89.8634470274841,28.738306274682422,2790.000244140625
89.86344745317344,28.76946872776181,2790.000244140625
89.86344967286192,28.800631356026095,2790.000244140625
89.86344720702199,28.831794159507943,2790.000244140625
89.86344243695791,28.86295714110475,2790.000244140625
89.86343694862276,28.894120296654222,2790.000244140625
89.86343975626163,28.92528362946544,2790.000244140625
89.86343058130407,28.9876108237975,2790.000244140625
89.86343840801734,29.0187746855257,2790.000244140625
89.86343927595165,29.049938725068582,2790.000244140625
89.86344602022393,29.081102943005675,2790.000244140625
89.86343178340934,29.112267336284752,2790.000244140625
89.86343666164748,29.143431908885045,2790.000244140625
89.8634386553116,29.174596659447065,2790.000244140625
89.8634468659357,29.205761586084012,2790.000244140625
89.86343835918082,29.236926688731085,2790.000244140625
89.86343896151101,29.268091971954885,2790.000244140625
89.86344558465497,29.299257432899502,2790.000244140625
89.86344424708665,29.330423074165026,2790.000244140625
89.8634496164454,29.361588895092616,2790.000244140625
89.86344971341971,29.392754892446867,2790.000244140625
89.86344540311642,29.42392107091452,2790.000244140625
89.86344550051341,29.45508742906545,2790.000244140625
89.8634465997039,29.486253967042167,2790.000244140625
89.86345078819444,29.517420684795425,2790.000244140625
89.86344863637643,29.54858758245454,2790.000244140625
89.86345503204242,29.579754659437757,2790.000244140625
89.86344883303406,29.610921915948225,2790.000244140625
89.86344893168194,29.642089355925453,2790.000244140625
89.86344872125058,29.67325697622421,2790.000244140625
89.86344587809022,29.70442477626835,2790.000244140625
89.86344080442973,29.73559275648183,2790.000244140625
89.86343803557381,29.76676092005503,2790.000244140625
89.863442771186,29.79792926382493,2790.000244140625
89.86344048487322,29.82909778883212,2790.000244140625
89.86343864451827,29.86026649758589,2790.000244140625
89.86343438683429,29.891435388064014,2790.000244140625
89.86343097233244,29.922604459569392,2790.000244140625
89.863437507564,29.984943150426446,2790.000244140625
89.86343760869887,30.016112771807254,2790.000244140625
89.86344057817773,30.047282575365355,2790.000244140625
89.86344370251001,30.0784525625464,2790.000244140625
89.86344388535515,30.109622733181148,2790.000244140625
89.86344542138183,30.140793088098285,2790.000244140625
89.86345182236893,30.17196362619424,2790.000244140625
89.86345192476834,30.203134349627632,2790.000244140625
89.86345215415011,30.265476347109857,2790.000244140625
89.86345628181196,30.296647622648816,2790.000244140625
89.86345495089466,30.327819083569484,2790.000244140625
89.86345636525793,30.35899072830021,2790.000244140625
89.86345290824016,30.390162560946308,2790.000244140625
89.8634528888354,30.421334578227565,2790.000244140625
89.86346084802008,30.452506780733337,2790.000244140625
89.86345905421172,30.483679170814877,2790.000244140625
89.86345772451163,30.514851744867343,2790.000244140625
89.86344738377682,30.546024506402297,2790.000244140625
89.86344006601855,30.577197451634472,2790.000244140625
89.8634395102441,30.608370586161303,2790.000244140625
89.8634282913567,30.639543906720164,2790.000244140625
89.86342865671132,30.670717414203224,2790.000244140625
89.86342873111599,30.701891108717167,2790.000244140625
89.86342596887982,30.733064991139056,2790.000244140625
89.8634305321649,30.764239060851263,2790.000244140625
89.86343442901699,30.82658776188619,2790.000244140625
89.86342881356389,30.857762392409295,2790.000244140625
89.8634343337025,30.888937213652696,2790.000244140625
89.8634335268457,30.92011222299367,2790.000244140625
89.86343896652218,30.951287421909374,2790.000244140625
89.86343751703963,30.982462807440818,2790.000244140625
89.86344428919105,31.013638382390788,2790.000244140625
89.86345131489774,31.04481414741758,2790.000244140625
89.86345123720781,31.07599010290907,2790.000244140625
89.86345498729253,31.107166248188367,2790.000244140625
89.86345734565974,31.138342582318856,2790.000244140625
89.86345853733553,31.169519106061628,2790.000244140625
89.86346831966294,31.20069582076505,2790.000244140625
89.86346727933767,31.23187272506397,2790.000244140625
89.86346923114759,31.263049820340346,2790.000244140625
89.86347000189902,31.29422710658769,2790.000244140625
89.86347011205281,31.325404583997045,2790.000244140625
89.86346847903059,31.35658225082619,2790.000244140625
89.86346858962408,31.387760112189568,2790.000244140625
89.8634649853301,31.41893816342265,2790.000244140625
89.86345972416518,31.481294839935366,2790.000244140625
89.86345425408939,31.512473467464186,2790.000244140625
89.86344400028298,31.543652287203198,2790.000244140625
89.86344011938638,31.574831300540495,2790.000244140625
89.86343554954756,31.606010503481656,2790.000244140625
89.86343822063823,31.637189903350414,2790.000244140625
89.86343059966306,31.668369494942212,2790.000244140625
89.86343439564048,31.69954927801927,2790.000244140625
89.86343036143312,31.730729256420087,2790.000244140625
89.86343093869438,31.761909426223486,2790.000244140625
89.8634390950634,31.79308979122234,2790.000244140625
89.8634358766953,31.824270351070965,2790.000244140625
89.86344039320728,31.886632053467295,2790.000244140625
89.86343891884306,31.917813194519667,2790.000244140625
89.86344645687292,31.94899453035579,2790.000244140625
89.86345261743448,31.980176064367715,2790.000244140625
89.86345009257528,32.01135779440733,2790.000244140625
89.86345307603031,32.042539717873744,2790.000244140625
89.86345659032345,32.073721836389055,2790.000244140625
89.86346726786789,32.1360866607222,2790.000244140625
89.86345693814916,32.16726936728814,2790.000244140625
89.86346525062969,32.19845226946678,2790.000244140625
89.8634663688754,32.22963536889577,2790.000244140625
89.863459643858,32.29200216057695,2790.000244140625
89.86346718402858,32.32318585122103,2790.000244140625
89.86346212836933,32.35436974073396,2790.000244140625
89.86346065733545,32.38555382681294,2790.000244140625
89.86345447674526,32.416738111142955,2790.000244140625
89.86345215929008,32.4479225934656,2790.000244140625
89.86345440405083,32.47910727343152,2790.000244140625
89.86345237095989,32.510292150962464,2790.000244140625
89.86344846560908,32.54147722671173,2790.000244140625
89.8634469960278,32.57266250264989,2790.000244140625
89.86344298118696,32.603847977813146,2790.000244140625
89.86345012681126,32.635033649195314,2790.000244140625
89.86344673602756,32.66621952063705,2790.000244140625
89.86345084871215,32.6974055914534,2790.000244140625
89.86344871962707,32.72859186099386,2790.000244140625
89.86344597207878,32.75977833332227,2790.000244140625
89.86344972648668,32.790965005975664,2790.000244140625
89.86345240604092,32.82215187650651,2790.000244140625
89.8634555498228,32.85333894963931,2790.000244140625
89.86345882495202,32.88452622226547,2790.000244140625
89.8634629708413,32.915713696504156,2790.000244140625
89.86346836472252,32.946901370482585,2790.000244140625
89.86345929527268,32.97808924490816,2790.000244140625
89.8634553934508,33.009277320618224,2790.000244140625
89.86346059915569,33.040465599376205,2790.000244140625
89.86345523207828,33.07165408095214,2790.000244140625
89.86345759393976,33.10284276355973,2790.000244140625
89.8634611165025,33.16522073515763,2790.000244140625
89.86346124023189,33.1964100242328,2790.000244140625
89.86346326226293,33.227599515903876,2790.000244140625
89.8634571122641,33.25878920882962,2790.000244140625
89.86345349713706,33.289979104950454,2790.000244140625
89.86345543879278,33.321169205695924,2790.000244140625
89.86345412960345,33.352359509337106,2790.000244140625
89.86345422325208,33.38355001636365,2790.000244140625
89.86345434860195,33.41474072792358,2790.000244140625
89.86345972174881,33.44593164252254,2790.000244140625
89.86345498291945,33.477122762350106,2790.000244140625
89.86345997363821,33.50831408740644,2790.000244140625
89.8634534182946,33.53950561739711,2790.000244140625
89.86345497888225,33.57069735264894,2790.000244140625
89.86345517922335,33.60188929278719,2790.000244140625
89.86345612161337,33.63308143809944,2790.000244140625
89.86345799220835,33.6642737905961,2790.000244140625
89.86345893503876,33.695466347186354,2790.000244140625
89.8634557123376,33.72665910899389,2790.000244140625
89.86345235607905,33.75785207736282,2790.000244140625
89.86345839358391,33.7890452508674,2790.000244140625
89.86346663837595,33.8202386312653,2790.000244140625
89.86346789170477,33.851432218889265,2790.000244140625
89.8634697068472,33.91382000918754,2790.000244140625
89.86346937218312,33.94501421675187,2790.000244140625
89.863465632245,33.976208631798606,2790.000244140625
89.86346607142211,34.007403255347256,2790.000244140625
89.8634621772515,34.038598083913705,2790.000244140625
89.86345928484566,34.06979312310256,2790.000244140625
89.86345685664733,34.10098837028954,2790.000244140625
89.86345411934442,34.1321838244347,2790.000244140625
89.86345266166022,34.16337948515021,2790.000244140625
89.8634510495529,34.19457535691686,2790.000244140625
89.86345474139887,34.22577143792904,2790.000244140625
89.86345200505303,34.256967727982946,2790.000244140625
89.86345113549596,34.28816422766411,2790.000244140625
89.86345370333368,34.319360936349526,2790.000244140625
89.86344715360673,34.35055785389089,2790.000244140625
89.86344728631958,34.381754980490676,2790.000244140625
89.86344774148904,34.41295231765903,2790.000244140625
89.8634597898153,34.44414986488787,2790.000244140625
89.86346123410009,34.475347622974375,2790.000244140625
89.86347281644301,34.506545592450465,2790.000244140625
89.8634697492277,34.53774377116462,2790.000244140625
89.8634713173655,34.56894216250542,2790.000244140625
89.86347964926793,34.60014076655222,2790.000244140625
89.86348009324874,34.631339579529396,2790.000244140625
89.86348471011152,34.66253860549705,2790.000244140625
89.86348484525611,34.693737843521276,2790.000244140625
89.86348462911646,34.72493729587811,2790.000244140625
89.86348807523635,34.75613695764112,2790.000244140625
89.86348452725626,34.78733683209277,2790.000244140625
89.86348276529107,34.81853691904837,2790.000244140625
89.86347544353153,34.84973721818812,2790.000244140625
89.86347445528855,34.8809377287832,2790.000244140625
89.86347540771314,34.91213845412618,2790.000244140625
89.86347449368319,34.943339391884095,2790.000244140625
89.86347653999299,34.97454054433097,2790.000244140625
89.8634688216079,35.00574190914986,2790.000244140625
89.8634583267262,35.03694348895916,2790.000244140625
89.86344964856833,35.06814528374756,2790.000244140625
89.863447086327,35.09934729149792,2790.000244140625
89.86344622338636,35.130549511823716,2790.000244140625
89.86344300275324,35.16175194705086,2790.000244140625
89.86344371084292,35.192954597322995,2790.000244140625
89.86344385011378,35.22415746405798,2790.000244140625
89.8634418320207,35.2553605455332,2790.000244140625
89.86344499418706,35.28656384206564,2790.000244140625
89.86344849375914,35.31776735449464,2790.000244140625
89.8634515334904,35.348971083652636,2790.000244140625
89.86345498558656,35.38017502790677,2790.000244140625
89.8634618167172,35.41137918892915,2790.000244140625
89.86346208089037,35.44258356633944,2790.000244140625
89.86347304126231,35.47378815868399,2790.000244140625
89.86348293702964,35.50499296921596,2790.000244140625
89.86348408039036,35.53619799713698,2790.000244140625
89.86348678126635,35.56740324168094,2790.000244140625
89.86348513800465,35.59860870477655,2790.000244140625
89.86348412432834,35.62981438462865,2790.000244140625
89.8634854233489,35.66102028297439,2790.000244140625
89.86348441016682,35.69222639818109,2790.000244140625
89.86348714375688,35.7234327301056,2790.000244140625
89.86348098821092,35.7546392833718,2790.000244140625
89.86348113199757,35.78584605341477,2790.000244140625
89.86348050268818,35.817053044007935,2790.000244140625
89.86347964544126,35.84826025454791,2790.000244140625
89.86347692193061,35.87946768267873,2790.000244140625
89.86346956906773,35.91067532894294,2790.000244140625
89.86346932356403,35.941883196657756,2790.000244140625
89.86346135213991,35.973091281359046,2790.000244140625
89.8634636553385,36.00429958657139,2790.000244140625
89.86346202621264,36.035508112515316,2790.000244140625
89.8634702890242,36.06671685992166,2790.000244140625
89.86347012596583,36.09792582638262,2790.000244140625
89.86347182957623,36.129135012901074,2790.000244140625
89.86346671927883,36.160344422095854,2790.000244140625
89.86346799081602,36.191554049651444,2790.000244140625
89.86346670423887,36.22276389972804,2790.000244140625
89.86347033140957,36.28518426110723,2790.000244140625
89.86347047946822,36.31639477472002,2790.000244140625
89.86346986239042,36.34760551068843,2790.000244140625
89.86346667912777,36.378816468540876,2790.000244140625
89.86346760140007,36.410027648724814,2790.000244140625
89.86347284498866,36.4412390529675,2790.000244140625
89.8634821937391,36.47245068121903,2790.000244140625
89.86347727565627,36.50366253237711,2790.000244140625
89.86347212737154,36.53487460396932,2790.000244140625
89.86347783537121,36.566086901610284,2790.000244140625
89.86347616887774,36.59729942217048,2790.000244140625
89.86347485397931,36.628512166734694,2790.000244140625
89.8634723229922,36.6597251356759,2790.000244140625
89.86346888799511,36.69093832708858,2790.000244140625
89.86346644923727,36.722151742853164,2790.000244140625
89.86346142545108,36.75336538368865,2790.000244140625
89.86345901888703,36.78457924875963,2790.000244140625
89.8634593573544,36.81579333808217,2790.000244140625
89.8634610983969,36.84700765233498,2790.000244140625
89.86346380956677,36.878222194332885,2790.000244140625
89.86346621158181,36.90943695968885,2790.000244140625
89.86346602375583,36.940651951618065,2790.000244140625
89.86346235152848,36.971867170159506,2790.000244140625
89.86346853022182,37.00308261398216,2790.000244140625
89.86347572652997,37.03429828363817,2790.000244140625
89.8634742605518,37.06551417895742,2790.000244140625
89.8634779749826,37.096730301036196,2790.000244140625
89.86347812974726,37.1279466510933,2790.000244140625
89.86347936758077,37.15916322776726,2790.000244140625
89.8634856999631,37.19038003168034,2790.000244140625
89.86348519493632,37.2215970617134,2790.000244140625
89.8634875999669,37.252814322029245,2790.000244140625
89.86348550683128,37.28403180896686,2790.000244140625
89.86348709714045,37.31524952389256,2790.000244140625
89.86348469515853,37.34646746690419,2790.000244140625
89.86348182939133,37.377685639320205,2790.000244140625
89.863485009153,37.4089040397301,2790.000244140625
89.86348214391514,37.44012266857412,2790.000244140625
89.86348230156692,37.47134152717607,2790.000244140625
89.86348245949027,37.50256061454061,2790.000244140625
89.86347959502946,37.53377993085342,2790.000244140625
89.86347975347444,37.56499947761945,2790.000244140625
89.86346661977251,37.59621925488,2790.000244140625
89.86347133580601,37.62743926011581,2790.000244140625
89.86346924585987,37.65865949533258,2790.000244140625
89.86347567857332,37.68987996143907,2790.000244140625
89.86347181429076,37.72110065595362,2790.000244140625
89.86347422344392,37.75232158225669,2790.000244140625
89.86346734945172,37.78354273860163,2790.000244140625
89.86346628039355,37.845985748063896,2790.000244140625
89.8634710823288,37.87720759997228,2790.000244140625
89.8634682328413,37.908429684438644,2790.000244140625
89.86347759658278,37.93965199869785,2790.000244140625
89.86347537290531,37.97087454721132,2790.000244140625
89.86347778389026,38.00209732667494,2790.000244140625
89.86348187524713,38.03332033834741,2790.000244140625
89.86348365358032,38.06454358186143,2790.000244140625
89.86349638969016,38.095767059350926,2790.000244140625
89.86349635339215,38.126990769502704,2790.000244140625
89.86349976784498,38.15821471165583,2790.000244140625
89.86350433266114,38.18943888735944,2790.000244140625
89.86350721020067,38.22066329608719,2790.000244140625
89.8635033501563,38.25188794093201,2790.000244140625
89.86350382406306,38.28311282004098,2790.000244140625
89.8635006567826,38.3143379331955,2790.000244140625
89.86349642092142,38.34556328229157,2790.000244140625
89.8634917781202,38.37678886552902,2790.000244140625
89.8634940700581,38.4080146831931,2790.000244140625
89.86349215467841,38.43924073517139,2790.000244140625
89.86349119620282,38.4704670226991,2790.000244140625
89.86348583631859,38.50169354429439,2790.000244140625
89.86347970283069,38.532920301998345,2790.000244140625
89.86348389377612,38.564147296519295,2790.000244140625
89.86347222920402,38.59537452406535,2790.000244140625
89.86346969526048,38.62660198941252,2790.000244140625
89.86346955363733,38.65782969078713,2790.000244140625
89.86347404651663,38.68905762753504,2790.000244140625
89.8634727810447,38.7202858016222,2790.000244140625
89.86346267401485,38.751514214070994,2790.000244140625
89.8634642766142,38.782742862970004,2790.000244140625
89.8634630119989,38.81397174777949,2790.000244140625
89.86346823571722,38.845200868865476,2790.000244140625
89.86347556312793,38.876430230675396,2790.000244140625
89.86347804157917,38.90765983083701,2790.000244140625
89.86347887229847,38.938889667520804,2790.000244140625
89.86348715979743,38.97011974384667,2790.000244140625
89.8634938347946,39.00135005848564,2790.000244140625
89.86350029769451,39.032580612666,2790.000244140625
89.86350000506376,39.06381140343268,2790.000244140625
89.86349968877794,39.09504243361672,2790.000244140625
89.86350241941922,39.1262737040337,2790.000244140625
89.86350510066096,39.15750521511535,2790.000244140625
89.86350158976688,39.18873696243802,2790.000244140625
89.86349937167627,39.21996894926821,2790.000244140625
89.863506620402,39.25120117782408,2790.000244140625
89.86350597837765,39.28243364686714,2790.000244140625
89.86350809189808,39.313666356842376,2790.000244140625
89.86350269737468,39.3448993071459,2790.000244140625
89.86350287148763,39.37613249943481,2790.000244140625
89.86350366458666,39.40736593151187,2790.000244140625
89.86349835411619,39.43859960501457,2790.000244140625
89.86349628000866,39.46983351912083,2790.000244140625
89.86349568177005,39.50106767486628,2790.000244140625
89.86348812261728,39.53230207214941,2790.000244140625
89.86348321265902,39.563536711061246,2790.000244140625
89.86347890204448,39.59477159185223,2790.000244140625
89.86347937925699,39.62600671481575,2790.000244140625
89.86347592326231,39.65724207965714,2790.000244140625
89.86347610010377,39.688477688859166,2790.000244140625
89.86347484347081,39.71971354225496,2790.000244140625
89.86347563972,39.750949636798794,2790.000244140625
89.86347739493402,39.78218597695763,2790.000244140625
89.8634758296945,39.8134225592288,2790.000244140625
89.8634782567343,39.8446593856237,2790.000244140625
89.8634831796379,39.87589645448567,2790.000244140625
89.86349334204631,39.90713376681273,2790.000244140625
89.86349096274338,39.93837132301546,2790.000244140625
89.86349547546443,39.969609123575786,2790.000244140625
89.86350459527776,40.00084716995608,2790.000244140625
89.86350397420642,40.03208546018132,2790.000244140625
89.86351497264229,40.06332399560479,2790.000244140625
89.86351063568114,40.09456278035263,2790.000244140625
89.86351225036927,40.12580180893047,2790.000244140625
89.86351243145319,40.15704108125124,2790.000244140625
89.86350518753387,40.18828060134973,2790.000244140625
89.86351356789889,40.21952036590722,2790.000244140625
89.86351154249036,40.25076037676741,2790.000244140625
89.86350685771774,40.28200063297804,2790.000244140625
89.86350704020153,40.313241135205494,2790.000244140625
89.86350317027154,40.344481884858595,2790.000244140625
89.86349932964818,40.37572288068124,2790.000244140625
89.8634984203654,40.40696412544562,2790.000244140625
89.86349299175605,40.43820561824606,2790.000244140625
89.86349351678533,40.46944735827306,2790.000244140625
89.8634896771985,40.500689345805846,2790.000244140625
89.86347948674052,40.53193158117636,2790.000244140625
89.86347919769932,40.56317406644207,2790.000244140625
89.86347687429183,40.59441679915373,2790.000244140625
89.86347849341584,40.6256597814808,2790.000244140625
89.86347511937355,40.65690301010414,2790.000244140625
89.86347340734383,40.688146486974915,2790.000244140625
89.86347359352195,40.71939021329905,2790.000244140625
89.8634752137916,40.75063418951534,2790.000244140625
89.8634810412338,40.78187841557028,2790.000244140625
89.86348734637751,40.81312289125595,2790.000244140625
89.86349944700659,40.844367616787665,2790.000244140625
89.86349402212511,40.87561259286868,2790.000244140625
89.86349507833172,40.906857818567566,2790.000244140625
89.86349742070514,40.93810329586884,2790.000244140625
89.86349657937618,40.96934902271344,2790.000244140625
89.86350186345845,41.000595001132574,2790.000244140625
89.86350245604709,41.031841229392406,2790.000244140625
89.86350187181053,41.063087710558335,2790.000244140625
89.8635025255578,41.09433444312626,2790.000244140625
89.86351439304505,41.12558142577094,2790.000244140625
89.86351171567277,41.1568286602813,2790.000244140625
89.86350309612568,41.188076145991964,2790.000244140625
89.8635018213503,41.2193238860234,2790.000244140625
89.86350819106939,41.25057187994405,2790.000244140625
89.86349558058492,41.28182012353952,2790.000244140625
89.86349282313401,41.313068621721754,2790.000244140625
89.86348555720063,41.34431737124585,2790.000244140625
89.86348543998795,41.375566374173346,2790.000244140625
89.86348369329122,41.406815630761194,2790.000244140625
89.86348388609365,41.43806514071215,2790.000244140625
89.86348597707027,41.46931490446233,2790.000244140625
89.86348748128354,41.50056492256551,2790.000244140625
89.86348663221688,41.531815194033996,2790.000244140625
89.86348938425945,41.5630657212691,2790.000244140625
89.86348853577148,41.594316503037504,2790.000244140625
89.86349832352977,41.62556753869785,2790.000244140625
89.86350041627756,41.65681882706907,2790.000244140625
89.86350130341461,41.68807037530772,2790.000244140625
89.86350575034241,41.71932217760522,2790.000244140625
89.86350382032992,41.75057423387381,2790.000244140625
89.8635041392694,41.78182654722816,2790.000244140625
89.86351020484801,41.81307911420878,2790.000244140625
89.86351121644789,41.84433193863297,2790.000244140625
89.86350951544577,41.87558502083543,2790.000244140625
89.86351002206023,41.906838359331395,2790.000244140625
89.8635102195611,41.93809195314914,2790.000244140625
89.86350277299604,41.96934580462159,2790.000244140625
89.8635034352169,42.00059991238459,2790.000244140625
89.86349543346282,42.03185427774065,2790.000244140625
89.86349445805737,42.063108900846736,2790.000244140625
89.8634864241197,42.09436378402458,2790.000244140625
89.86349454680492,42.12561892461823,2790.000244140625
89.86349172425541,42.15687432112125,2790.000244140625
89.86350562271072,42.188129975335514,2790.000244140625
89.8635065233685,42.21938588689151,2790.000244140625
89.86350525826587,42.25064205789299,2790.000244140625
89.86350554063083,42.28189848857706,2790.000244140625
89.86350829966945,42.31315517670822,2790.000244140625
89.86350594300653,42.3444121247423,2790.000244140625
89.86350870263044,42.37566933175834,2790.000244140625
89.8635162397747,42.40692679854393,2790.000244140625
89.86352197001439,42.43818452588422,2790.000244140625
89.86351521078333,42.469442516186874,2790.000244140625
89.8635066836603,42.531959275546065,2790.000244140625
89.86351400383143,42.563218045072546,2790.000244140625
89.86350964881277,42.59447707567969,2790.000244140625
89.86351035822636,42.62573636917418,2790.000244140625
89.8635026715882,42.656995920366164,2790.000244140625
89.8635004411761,42.68825573304962,2790.000244140625
89.86350258525259,42.71951580852809,2790.000244140625
89.86349945902958,42.75077614573541,2790.000244140625
89.86349823091051,42.78203674428735,2790.000244140625
89.86349956084577,42.813297605963605,2790.000244140625
89.86349876560129,42.844558729306335,2790.000244140625
89.86349595004515,42.87582011452678,2790.000244140625
89.86350249197136,42.907081762539114,2790.000244140625
89.86350014115641,42.93834367599683,2790.000244140625
89.86350321574912,42.96960585134499,2790.000244140625
89.86351123277437,43.00086828970082,2790.000244140625
89.8635157735761,43.032130991953764,2790.000244140625
89.86352387270122,43.06339395763105,2790.000244140625
89.86351844746514,43.094657188411716,2790.000244140625
89.863518346838,43.12592068099904,2790.000244140625
89.8635207632663,43.15718443872742,2790.000244140625
89.86352240635202,43.18844846212036,2790.000244140625
89.86352451391599,43.21971274727073,2790.000244140625
89.86352282612644,43.25097729811158,2790.000244140625
89.86352160282604,43.28224211586984,2790.000244140625
89.86352371130774,43.31350719746665,2790.000244140625
89.86352059078226,43.34477254429217,2790.000244140625
89.86351964595109,43.37603815840602,2790.000244140625
89.863515556542,43.407304037813304,2790.000244140625
89.86351373215689,43.46983659841868,2790.000244140625
89.8635121696449,43.50110327481408,2790.000244140625
89.86351326095796,43.53237021815083,2790.000244140625
89.86350551903877,43.5636374304972,2790.000244140625
89.86350491774957,43.59490490792926,2790.000244140625
89.86350369782379,43.626172654922655,2790.000244140625
89.86349833200921,43.65744066769254,2790.000244140625
89.86350032133848,43.688708947922954,2790.000244140625
89.863504712871,43.71997749725254,2790.000244140625
89.86350623865617,43.75124631413573,2790.000244140625
89.86349996479228,43.78251540040341,2790.000244140625
89.86350118170188,43.81378475340784,2790.000244140625
89.86350260349838,43.84505437565518,2790.000244140625
89.86350640959262,43.87632426491283,2790.000244140625
89.86350709023672,43.90759442327241,2790.000244140625
89.86351137173732,43.93886485185197,2790.000244140625
89.86350927745465,43.9701355492815,2790.000244140625
89.86351215685433,44.001406517975475,2790.000244140625
89.86351864634904,44.03267775420408,2790.000244140625
89.86352188636185,44.06394926095529,2790.000244140625
89.86352703774837,44.12649308908512,2790.000244140625
89.86352725670989,44.157765406870226,2790.000244140625
89.86352724822721,44.18903799795076,2790.000244140625
89.8635262207059,44.22031085779534,2790.000244140625
89.86352320007013,44.25158398938638,2790.000244140625
89.86352747561304,44.282857392155826,2790.000244140625
89.86353097620413,44.31413106501718,2790.000244140625
89.86352614197384,44.34540501116222,2790.000244140625
89.86352373215134,44.37667922830714,2790.000244140625
89.86352205574778,44.40795371606598,2790.000244140625
89.86351485072062,44.439228476891685,2790.000244140625
89.86351476333614,44.4705035126944,2790.000244140625
89.86351053003068,44.50177881939856,2790.000244140625
89.86351256883701,44.533054399555716,2790.000244140625
89.86351179048555,44.56433025259821,2790.000244140625
89.86350945595838,44.59560637815736,2790.000244140625
89.86351362124446,44.62688277872496,2790.000244140625
89.86350693200878,44.65815944967061,2790.000244140625
89.8635033286405,44.68943639765808,2790.000244140625
89.86350931938871,44.72071362114425,2790.000244140625
89.86351035879761,44.75199111606354,2790.000244140625
89.86351345101538,44.78326888608453,2790.000244140625
89.86351382272066,44.81454693127676,2790.000244140625
89.8635177302481,44.84582525158784,2790.000244140625
89.86351795638195,44.87710384474894,2790.000244140625
89.86352301174284,44.90838271227517,2790.000244140625
89.8635342248045,44.93966185724118,2790.000244140625
89.86353445191479,44.97094127715696,2790.000244140625
89.86354257035661,45.002220973733806,2790.000244140625
89.86354310754808,45.03350094592002,2790.000244140625
89.86354239699102,45.06478119451842,2790.000244140625
89.86354037673665,45.09606172020086,2790.000244140625
89.86354428785243,45.12734252319084,2790.000244140625
89.86354826046235,45.15862360315954,2790.000244140625
89.86353916596751,45.18990496018453,2790.000244140625
89.86354021054291,45.221186594497865,2790.000244140625
89.8635367367842,45.252468506486395,2790.000244140625
89.86353515086779,45.283750693226814,2790.000244140625
89.86353123504581,45.315033158622946,2790.000244140625
89.86352429905176,45.346315904300376,2790.000244140625
89.86351497782003,45.37759892574224,2790.000244140625
89.86351374383258,45.40888222796514,2790.000244140625
89.8634990525693,45.47144966545545,2790.000244140625
89.86349410518501,45.502733801276726,2790.000244140625
89.8634943379834,45.53401821732848,2790.000244140625
89.86349085609078,45.565302912427434,2790.000244140625
89.86348845008403,45.59658788798126,2790.000244140625
89.86350825536574,45.627873144964916,2790.000244140625
89.86350835259374,45.659158678431226,2790.000244140625
89.86351133129271,45.69044449073527,2790.000244140625
89.8635126899947,45.7217305856964,2790.000244140625
89.86352151794196,45.75301696280619,2790.000244140625
89.86352175331186,45.78430361889416,2790.000244140625
89.86353019068503,45.81559055623188,2790.000244140625
89.86353669794534,45.84687777672377,2790.000244140625
89.86354691973919,45.87816699874461,2790.000244140625
89.86355411071636,45.909456014354575,2790.000244140625
89.86355985529981,45.97203564793536,2790.000244140625
89.8635587016223,46.03461234470495,2790.000244140625
89.86355518723173,46.09719063196763,2790.000244140625
89.86355097059042,46.128479106879254,2790.000244140625
89.86354130970703,46.19105841687174,2790.000244140625
89.86353900966532,46.222347109295434,2790.000244140625
89.86352957834156,46.284933681444066,2790.000244140625
89.86353275922933,46.31622585786468,2790.000244140625
89.86352161373001,46.34751898918012,2790.000244140625
89.86352585193634,46.41010555271814,2790.000244140625
89.86350768010237,46.44139881590719,2790.000244140625
89.86351036586677,46.472691072733504,2790.000244140625
89.86350533886834,46.5039830163443,2790.000244140625
89.86350337479202,46.535274833788264,2790.000244140625
89.86351296004395,46.59786175937432,2790.000244140625
89.86351714528418,46.62915372980524,2790.000244140625
89.86352520005494,46.66044999076588,2790.000244140625
89.86353276723001,46.691746059587494,2790.000244140625
89.86352199417765,46.754337357579615,2790.000244140625
89.8635169700449,46.78563380903966,2790.000244140625
89.86352085698725,46.8169301047943,2790.000244140625
89.8635449615614,46.87952418896452,2790.000244140625
89.86354285487081,46.91082044356248,2790.000244140625
89.86356708364102,46.97341247029509,2790.000244140625
89.86358235788336,47.00470885184039,2790.000244140625
89.86357830595979,47.036005064625854,2790.000244140625
89.86356864343479,47.06730537494663,2790.000244140625
89.86356356291097,47.12990649136452,2790.000244140625
89.8635629981641,47.161206059077834,2790.000244140625
89.86270449828682,46.76234638291477,2789.6455078125
89.86278677112753,46.36343291542284,2789.290771484375
89.86310751165075,45.56544175562321,2788.581298828125
89.86331550796537,45.16636394549817,2788.226806640625
89.8634929921448,44.76723194509491,2787.8720703125
89.86379084632021,43.96880641489656,2787.162841796875
89.86391140939932,43.56951142182757,2786.80810546875
89.86405984398267,42.77075576865989,2786.0986328125
89.86406605160062,42.37129704779344,2785.743896484375
89.86406342264004,41.971783048414956,2785.389404296875
89.86401710460498,41.572215271560175,2785.03466796875
89.86384946907037,40.772914449784686,2784.3251953125
89.86377371749765,40.37318196104404,2783.970458984375
89.86366614648627,39.973393988876886,2783.615966796875
89.86362246419745,39.57355314779579,2783.26123046875
89.86345553427327,38.77370688887358,2782.5517578125
89.86337308225531,38.373703036917966,2782.197021484375
89.86328321228122,37.57352968247822,2781.48779296875
89.86325914261077,37.17336039419359,2781.133056640625
89.86326630467487,36.372858072700325,2780.423583984375
89.86327393221693,35.97252446548694,2780.069091796875
89.86331616322754,35.57213669058828,2779.71435546875
89.8633959245245,34.77119701345367,2779.005126953125
89.86342865246047,34.37064563958795,2778.650146484375
89.86349095283545,33.970039348900606,2778.295654296875
89.86355999465894,33.168661954481166,2777.586181640625
89.86361868094302,32.76789065567051,2777.2314453125
89.86361992383357,32.36706441774167,2776.876953125
89.86362635817935,31.565246925978617,2776.16748046875
89.86362636133421,31.16425600297472,2775.812744140625
89.86361003722484,30.763210272606564,2775.4580078125
89.86359711959452,30.36210925902703,2775.103515625
89.8635920569642,29.559742763209417,2774.39404296875
89.86354748646593,29.15847663327751,2774.039306640625
89.86354662057413,28.757155926663064,2773.684814453125
89.86351287238018,28.35578067833293,2773.330078125
89.86350184601017,27.954350837151665,2772.975341796875
89.86352583079963,27.552865939629807,2772.62060546875
89.8635091747836,26.74973108781538,2771.9111328125
89.86352141861593,26.348081180812038,2771.556640625
89.86352516665404,25.946376522722236,2771.201904296875
89.86353301476852,25.544616416948664,2770.847412109375
89.86357059536482,24.740932683204253,2770.137939453125
89.86355164999509,24.339008119420065,2769.783203125
89.86352065044458,23.534993979558152,2769.07373046875
89.86352489800805,22.73075826500892,2768.364501953125
89.86353031327451,22.32855756880119,2768.009765625
89.86354744967315,21.523991278061757,2767.30029296875
89.86356316209198,21.121626003497656,2766.94580078125
89.8635554293006,20.71920603438356,2766.591064453125
89.86354965612664,19.914201006621287,2765.881591796875
89.86352359769083,19.108977251426378,2765.172119140625
89.86354445590976,18.706282585736155,2764.817626953125
89.86354758619045,18.303533970456925,2764.462890625
89.8635273650548,17.49787227143683,2763.75341796875
89.86352242437137,17.094959783842096,2763.39892578125
89.86354659076147,16.691992379269387,2763.044189453125
89.86357750897508,15.885893206033188,2762.334716796875
89.86358864978709,15.482761786618902,2761.97998046875
89.86362609634129,15.079576025731297,2761.62548828125
89.8636423200246,14.676336076699899,2761.270751953125
89.86362325234577,13.869694024455946,2760.561279296875
89.86359266994681,13.466291662078092,2760.206787109375
89.86357600425258,13.06283536793073,2759.85205078125
89.86356476331942,12.659326324158725,2759.497314453125
89.8635432718555,11.852148261373127,2758.7880859375
89.86353631461658,11.448479798098688,2758.433349609375
89.86352154445298,11.044757878116679,2758.07861328125
89.86356050817551,10.237159027569286,2757.369384765625
89.86360001607788,9.833282635228668,2757.014404296875
89.86360302605317,9.02537915843927,2756.30517578125
89.86361081713332,8.621353703821708,2755.950439453125
89.86358757015292,8.217279296969322,2755.595947265625
89.8644430978695,8.27989980744161,2755.595947265625
89.86426216256142,8.311210438904807,2755.595947265625
89.86412161320668,8.342520931710782,2755.595947265625
89.86381898325891,8.405142521528521,2755.595947265625
89.86361311699721,8.436453477497963,2755.595947265625
89.86339852596483,8.467764902983804,2755.595947265625
89.86325684040027,8.499076325929863,2755.595947265625
89.86305421022531,8.561698799940128,2755.595947265625
89.86298416651091,8.593010118401482,2755.595947265625
89.86293346970473,8.6243212739144,2755.595947265625
89.86296436784492,8.686944155732892,2755.595947265625
89.86300955888099,8.718255880417548,2755.595947265625
89.8631332409773,8.78087875726174,2755.595947265625
89.86324599909887,8.812190327773159,2755.595947265625
89.863298639972,8.843501867804498,2755.595947265625
89.86338323548395,8.874814508890701,2755.595947265625
89.8634929342487,8.937439807257366,2755.595947265625
89.86353857563468,8.968752350649277,2755.595947265625
89.8636046369544,9.000064735339205,2755.595947265625
89.86380234154085,9.062689768590127,2755.595947265625
89.86385395144734,9.094002649450536,2755.595947265625
89.8638910892776,9.125315286575887,2755.595947265625
89.86389609532634,9.156628066816307,2755.595947265625
89.86387181510256,9.187940725432252,2755.595947265625
89.86379559541668,9.250566462226322,2755.595947265625
89.8637621370736,9.281880098314517,2755.595947265625
89.8637021610521,9.34450741690115,2755.595947265625
89.86368075262202,9.375820885912693,2755.595947265625
89.86362450416581,9.438448443133867,2755.595947265625
89.86359227329571,9.469762392503803,2755.595947265625
89.86356979372891,9.501076109042705,2755.595947265625
89.86360257700977,9.563703984690918,2755.595947265625
89.86359945669064,9.595017774637208,2755.595947265625
89.86357907502712,9.626331470374089,2755.595947265625
89.86358003985393,9.688959217160367,2755.595947265625
89.86360409805818,9.720274030720942,2755.595947265625
89.86364384819126,9.751588702520388,2755.595947265625
89.86368098681885,9.782903786843189,2755.595947265625
89.86368520666566,9.845533885983626,2755.595947265625
89.86370427943744,9.876848913831434,2755.595947265625
89.86368491763041,9.939478725890723,2755.595947265625
89.86368560099798,9.970793577675643,2755.595947265625
89.86367351794583,10.033423208402818,2755.595947265625
89.86369008687326,10.064738103067775,2755.595947265625
89.86362003169151,10.12736979687576,2755.595947265625
89.86359937679438,10.158685701295036,2755.595947265625
89.86353742089469,10.221317600391115,2755.595947265625
89.86356382909831,10.25263365956069,2755.595947265625
89.8635392534212,10.28394976094175,2755.595947265625
89.86355650935191,10.34658176549812,2755.595947265625
89.86355038144326,10.377897807282668,2755.595947265625
89.86356159519602,10.409213829808571,2755.595947265625
89.86358344850531,10.440530042843719,2755.595947265625
89.86367999405346,10.503163012193149,2755.595947265625
89.86372160232415,10.534479912948258,2755.595947265625
89.86368794216561,10.565796815596286,2755.595947265625
89.86371160527753,10.59711373220449,2755.595947265625
89.86367275587747,10.659747850636947,2755.595947265625
89.86363271591661,10.691064839847197,2755.595947265625
89.86359622996663,10.722381787123252,2755.595947265625
89.86356180369036,10.785015701995844,2755.595947265625
89.86353016723545,10.816332724299661,2755.595947265625
89.86354981451666,10.847649755182777,2755.595947265625
89.86353398180782,10.878967602073809,2755.595947265625
89.86362256390204,10.941603614996096,2755.595947265625
89.86362724899645,10.972921477061991,2755.595947265625
89.86362808189806,11.004239667234094,2755.595947265625
89.86367374299216,11.066875452484354,2755.595947265625
89.86374099861783,11.129511893780487,2755.595947265625
89.8638497146998,11.160829987346952,2755.595947265625
89.86381170149893,11.192147956914566,2755.595947265625
89.86379953155593,11.223466118535319,2755.595947265625
89.86382782695449,11.28610385542476,2755.595947265625
89.863771463231,11.31742268346888,2755.595947265625
89.86378014440888,11.348741972321543,2755.595947265625
89.8637851344145,11.380061079956482,2755.595947265625
89.86375347529712,11.442699560878829,2755.595947265625
89.86366948695145,11.474018598591002,2755.595947265625
89.86355778291396,11.505337766436776,2755.595947265625
89.86353887557142,11.56797576209916,2755.595947265625
89.86344213451255,11.599295563544844,2755.595947265625
89.86343163799866,11.630615471961205,2755.595947265625
89.8634854974608,11.693255039866914,2755.595947265625
89.86351344416866,11.724574956377726,2755.595947265625
89.86358499787804,11.787214674018827,2755.595947265625
89.86355124954842,11.81853472654276,2755.595947265625
89.86367767445066,11.881174991584514,2755.595947265625
89.86373475040688,11.912494905363479,2755.595947265625
89.86378234406882,11.943815820401236,2755.595947265625
89.86393976430725,12.00645763181248,2755.595947265625
89.863914036022,12.037778641132777,2755.595947265625
89.86399056482135,12.069099606245842,2755.595947265625
89.8639734945678,12.131741683175074,2755.595947265625
89.86393496504347,12.16306236676903,2755.595947265625
89.86390785869295,12.194383175978356,2755.595947265625
89.86388110896216,12.257024897252832,2755.595947265625
89.86387064044735,12.28834689749181,2755.595947265625
89.86384787637334,12.319668896243238,2755.595947265625
89.86365574673216,12.382312829932074,2755.595947265625
89.86358481242806,12.413634826524065,2755.595947265625
89.86348329351411,12.47627874092964,2755.595947265625
89.86350091250999,12.507600430527805,2755.595947265625
89.86347987926092,12.570244217570055,2755.595947265625
89.86344166613354,12.60156627735991,2755.595947265625
89.86343845370703,12.66421188321533,2755.595947265625
89.8634406104536,12.69553492553118,2755.595947265625
89.86354581827763,12.758180895769819,2755.595947265625
89.86359437332325,12.789503786276242,2755.595947265625
89.86368314259907,12.852149261182262,2755.595947265625
89.86370716405635,12.883472198349686,2755.595947265625
89.86378842912097,12.946118618656243,2755.595947265625
89.86387172978628,12.977442389908067,2755.595947265625
89.86398314061066,13.040090017859749,2755.595947265625
89.86395215306851,13.071413735908058,2755.595947265625
89.86398656308153,13.134061421437076,2755.595947265625
89.86399538561783,13.165384877566197,2755.595947265625
89.86392291896713,13.228032254439624,2755.595947265625
89.86388506922687,13.259356730601409,2755.595947265625
89.86364106322488,13.322006308918048,2755.595947265625
89.86364252406572,13.353330948110843,2755.595947265625
89.86361756907496,13.415980365354457,2755.595947265625
89.8636734060992,13.447305241549056,2755.595947265625
89.8637140237067,13.50995433770114,2755.595947265625
89.86371294379045,13.572603511278405,2755.595947265625
89.86376580346408,13.603928958821944,2755.595947265625
89.8638169143123,13.666580056549172,2755.595947265625
89.86380200686285,13.697905794126124,2755.595947265625
89.86379192307312,13.760556648394223,2755.595947265625
89.86380710681868,13.791882572536066,2755.595947265625
89.86375117156226,13.823207967121165,2755.595947265625
89.86372377087366,13.88586010488371,2755.595947265625
89.86367807513241,13.917186454339266,2755.595947265625
89.86363240676998,13.94851297763532,2755.595947265625
89.86358215318636,14.011166007621123,2755.595947265625
89.86354225477159,14.04249241386418,2755.595947265625
89.86353203786227,14.073818779106087,2755.595947265625
89.86355234088332,14.105145224348323,2755.595947265625
89.86361432979388,14.167798881949142,2755.595947265625
89.86365207828025,14.199126411928368,2755.595947265625
89.86367070071299,14.230453988606481,2755.595947265625
89.86367836351435,14.293108621946784,2755.595947265625
89.86372942349088,14.324436096016761,2755.595947265625
89.86380260554293,14.38709063360462,2755.595947265625
89.86382550277048,14.418418305673883,2755.595947265625
89.86290321351228,14.014251716237744,2755.2412109375
89.86319501994038,13.205758076535576,2754.53173828125
89.86349828848536,12.397051424735832,2753.822265625
89.86370396027877,11.992618740366336,2753.4677734375
89.86410725823801,11.183595998671073,2752.75830078125
89.86429532239988,10.779006548118533,2752.40380859375
89.86451427163995,9.96967489069535,2751.6943359375
89.86448314404774,9.564933900543938,2751.339599609375
89.86448462953386,8.75530634514305,2750.630126953125
89.86440712627203,8.350421425759508,2750.275634765625
89.86434381546258,7.540516220782525,2749.566162109375
89.86414425876985,7.135500101248073,2749.21142578125
89.86395915766094,6.3253545225646075,2748.502197265625
89.8638507808513,5.920231936787851,2748.1474609375
89.86376726540365,5.109915882597399,2747.438232421875
89.86367857630648,4.70473864632137,2747.08349609375
89.8636155954492,4.299565122879873,2746.728759765625
89.86358409158241,3.8944146843237677,2746.3740234375
89.86348677013135,3.084306686060095,2745.664794921875
89.86349816308781,2.6794586202585657,2745.31005859375
89.86350185716556,2.2748858175420033,2744.955322265625
89.86352747366033,1.4676637770966747,2744.24609375
89.86354902455923,1.0666002454183996,2743.89111328125
89.86363069897149,0.6714469047905852,2743.53662109375
89.86375456126488,0.2581092824475405,2742.8271484375
89.8637820853977,0.6078398852502006,2742.472412109375
89.86471040087132,0.5782692902981321,2742.472412109375
89.86461987037057,0.5488940482673138,2742.472412109375
89.86439108213769,0.4908697667286589,2742.472412109375
89.86430776115358,0.46231187965371884,2742.472412109375
89.86411367060614,0.43413670712707125,2742.472412109375
89.8640116389529,0.4064238862803125,2742.472412109375
89.86366991978002,0.3528194520802298,2742.472412109375
89.86340837561204,0.3272263339234436,2742.472412109375
89.8631642677583,0.3027141404900314,2742.472412109375
89.86308301609911,0.27956734558311797,2742.472412109375
89.86296579091494,0.25815348998098114,2742.472412109375
89.86280888862548,0.22249421325245888,2742.472412109375
89.86284514557974,0.20947268265829327,2742.472412109375
89.86291551405023,0.20054227748577053,2742.472412109375
89.86311854160394,0.1969360868670793,2742.472412109375
89.86320202731062,0.2025142841325855,2742.472412109375
89.8633378736119,0.2126111872760467,2742.472412109375
89.86351205330851,0.22662363319136533,2742.472412109375
89.8636201689226,0.24387762253261394,2742.472412109375
89.86388293412465,0.28566090054937804,2742.472412109375
89.8640298397043,0.3092086457565949,2742.472412109375
89.86408166196269,0.33403756788341105,2742.472412109375
89.86422971751021,0.35988257302696935,2742.472412109375
89.86432723457051,0.38653993233561634,2742.472412109375
89.86437628769482,0.4138526862361194,2742.472412109375
89.86437540800692,0.4416992621571011,2742.472412109375
89.8643635996121,0.4986346203686843,2742.472412109375
89.86427004958465,0.5275893677205927,2742.472412109375
89.8641829992537,0.5862323759620428,2742.472412109375
89.8640898473061,0.6158508697128515,2742.472412109375
89.86408683656046,0.6456310291513965,2742.472412109375
89.86396341681288,0.7055944759761098,2742.472412109375
89.86388491529016,0.7357449071996865,2742.472412109375
89.86378172932511,0.7659900986859464,2742.472412109375
89.86368439506208,0.826723183406116,2742.472412109375
89.86363323384386,0.8571938438569903,2742.472412109375
89.86360469570808,0.8877244490750533,2742.472412109375
89.86351237256525,0.9183089807796911,2742.472412109375
89.86358462115756,0.9796196527604021,2742.472412109375
89.86360568030582,1.010337185437138,2742.472412109375
89.86366902201546,1.0718787958234428,2742.472412109375
89.86372833369168,1.133543318059454,2742.472412109375
89.86380541414434,1.1644155268952003,2742.472412109375
89.86385337098147,1.1953116204332008,2742.472412109375
89.86387698307769,1.2262297622496456,2742.472412109375
89.86393228875225,1.2881261098730459,2742.472412109375
89.86389957513167,1.3191013641100218,2742.472412109375
89.86392697224979,1.3500930559380886,2742.472412109375
89.86395611049787,1.4121214254694268,2742.472412109375
89.86394771765006,1.4431562247204837,2742.472412109375
89.86391649412612,1.4742035279319075,2742.472412109375
89.8639258857134,1.5052625788445122,2742.472412109375
89.86382982735564,1.5363326995173423,2742.472412109375
89.86380447947435,1.567413305849906,2742.472412109375
89.86381883581916,1.59850368152396,2742.472412109375
89.8638011232528,1.629603250523509,2742.472412109375
89.86379987503346,1.6607115497093994,2742.472412109375
89.86377876777198,1.7229525907407077,2742.472412109375
89.86378579683169,1.754084351416645,2742.472412109375
89.86380180252755,1.7852230561617275,2742.472412109375
89.86375621149438,1.8163684041245178,2742.472412109375
89.86381723916315,1.8475200818313788,2742.472412109375
89.86386640622969,1.9098410957193703,2742.472412109375
89.86385558933841,1.9410098154254574,2742.472412109375
89.8639256235311,1.9721837909035087,2742.472412109375
89.8639396883166,2.00336265894146,2742.472412109375
89.86394601104453,2.0345462260750917,2742.472412109375
89.86397086909304,2.0657343254328784,2742.472412109375
89.86392140500423,2.0969267248422785,2742.472412109375
89.86394360260373,2.1593235249710356,2742.472412109375
89.86395146206456,2.1905276029425784,2742.472412109375
89.863895388925,2.221735327548471,2742.472412109375
89.86385252413996,2.284160761897604,2742.472412109375
89.86383218112213,2.315378494271824,2742.472412109375
89.86379611113915,2.346599231576353,2742.472412109375
89.86378404956675,2.377822953380114,2742.472412109375
89.86377027136537,2.440278545169246,2742.472412109375
89.86382421007804,2.471510342387572,2742.472412109375
89.86386736145742,2.5339813141333205,2742.472412109375
89.86388051958133,2.565220444450893,2742.472412109375
89.86389735034783,2.596461793024386,2742.472412109375
89.86387937859966,2.627705238254823,2742.472412109375
89.86391315529781,2.6589507379678086,2742.472412109375
89.86299429346994,2.2540585399392405,2742.117919921875
89.86321340795402,1.8497212889446244,2741.76318359375
89.86336369864419,1.446455576589795,2741.408447265625
89.86367578921919,0.6515392896698561,2740.698974609375
89.86383509791476,0.2937499484998032,2740.344482421875
89.86394513457411,0.2805208032102097,2739.98974609375
89.86417096198426,0.6339192338863695,2739.635009765625
89.86448324652702,1.4286367680588608,2738.92578125
89.86452632551845,1.8322845276972253,2738.57080078125
89.86535347732647,1.7700362667561835,2738.57080078125
89.86516175047122,1.7389233069051273,2738.57080078125
89.86489399997379,1.7078184108344538,2738.57080078125
89.8644377557648,1.6456344939377496,2738.57080078125
89.86420598726227,1.614556455102877,2738.57080078125
89.86394481960838,1.5834884024104592,2738.57080078125
89.86352753515106,1.521384845688995,2738.57080078125
89.86330475377382,1.4903506683307097,2738.57080078125
89.86327455634031,1.4593292418021717,2738.57080078125
89.86315198980633,1.4283213460244732,2738.57080078125
89.8630819431374,1.3663498664015286,2738.57080078125
89.8630793447299,1.3353884013206427,2738.57080078125
89.86310390886416,1.3044444909834627,2738.57080078125
89.86320112985193,1.2735195371970094,2738.57080078125
89.86341522540803,1.2117324169564505,2738.57080078125
89.86359468622481,1.1808735244271777,2738.57080078125
89.86368011802352,1.1500401644607658,2738.57080078125
89.86388483705662,1.1192344938414496,2738.57080078125
89.86396677227788,1.0884588894665699,2738.57080078125
89.86431816625756,1.027008533822386,2738.57080078125
89.86441849701727,0.9963400041879055,2738.57080078125
89.86449738250856,0.9657140442864549,2738.57080078125
89.86448972202166,0.9351348707043368,2738.57080078125
89.86442128605081,0.9046072032834664,2738.57080078125
89.86440458771429,0.8741364235822894,2738.57080078125
89.86436179393623,0.8437286573409618,2738.57080078125
89.8643146578201,0.8133910271809092,2738.57080078125
89.86427749097263,0.7831316714428654,2738.57080078125
89.86425041170936,0.7529600367696795,2738.57080078125
89.86418725629993,0.7228871142941637,2738.57080078125
89.86409462365226,0.6929257042950059,2738.57080078125
89.86401054625843,0.6630909566428834,2738.57080078125
89.86392618206112,0.633400768150406,2738.57080078125
89.86381112582607,0.5745436130987168,2738.57080078125
89.86381523736246,0.5454331128451616,2738.57080078125
89.8638224385949,0.5165825343276401,2738.57080078125
89.86386683772764,0.48803799283453164,2738.57080078125
89.86385510402444,0.4598564457572865,2738.57080078125
89.86375327240638,0.43210895428436263,2738.57080078125
89.86384074657629,0.404884762710561,2738.57080078125
89.86392304165955,0.3524892770889471,2738.57080078125
89.8639475204103,0.3276464204511037,2738.57080078125
89.8639933905018,0.30400490699043536,2738.57080078125
89.8640854253968,0.2818671811196572,2738.57080078125
89.86420644514499,0.24371974763773707,2738.57080078125
89.86423584773084,0.22873433980059127,2738.57080078125
89.86423284609934,0.2172620557114359,2738.57080078125
89.86429175359369,0.20987977644917416,2738.57080078125
89.86424980349078,0.20888495216582476,2738.57080078125
89.86425134613063,0.21533601542023517,2738.57080078125
89.86423702745958,0.22598583523835875,2738.57080078125
89.86422654207712,0.24027673758337098,2738.57080078125
89.8641397359758,0.25760346377767634,2738.57080078125
89.8640640655179,0.2773977208359354,2738.57080078125
89.8640480090216,0.2991701365498801,2738.57080078125
89.86398208248755,0.32252033744086134,2738.57080078125
89.86401480571169,0.37274992566935505,2738.57080078125
89.8639271567353,0.3991855085476796,2738.57080078125
89.86393921128757,0.4262850365351594,2738.57080078125
89.8638608164844,0.4539296535665979,2738.57080078125
89.86382532589188,0.4820255647882374,2738.57080078125
89.86379935342904,0.5104982757867894,2738.57080078125
89.86379892156786,0.5392880999222411,2738.57080078125
89.86379641229101,0.5683468810901264,2738.57080078125
89.86382455702214,0.6271212997804115,2738.57080078125
89.86382765399867,0.6567782061861529,2738.57080078125
89.86383768565639,0.6865838575777711,2738.57080078125
89.86385646017132,0.7165197195674351,2738.57080078125
89.86393115451543,0.7465701571718446,2738.57080078125
89.86397039322087,0.776721817994414,2738.57080078125
89.86401841689347,0.8069633512897443,2738.57080078125
89.86409437497457,0.8372850948963144,2738.57080078125
89.86408719511401,0.8676785653374248,2738.57080078125
89.8641134917004,0.8981365017460532,2738.57080078125
89.86409515523447,0.9286526064638526,2738.57080078125
89.86412191770239,0.9592212720514721,2738.57080078125
89.8640835600237,1.0204974301586793,2738.57080078125
89.86411983655022,1.0511968554938416,2738.57080078125
89.86406341819716,1.0819325104062203,2738.57080078125
89.86405654822924,1.1127014636883896,2738.57080078125
89.86396582770661,1.1743286095912429,2738.57080078125
89.86392867966316,1.205182236330701,2738.57080078125
89.86378166696673,1.2669598531608333,2738.57080078125
89.86373389649525,1.297880584068537,2738.57080078125
89.86376406039375,1.3288205595828462,2738.57080078125
89.86376022113666,1.35977846585268,2738.57080078125
89.86379752058247,1.4217433153952481,2738.57080078125
89.86382733844191,1.452748275483456,2738.57080078125
89.86385611134425,1.483766946184645,2738.57080078125
89.86392309471718,1.514798524602415,2738.57080078125
89.86395966307083,1.5458421705829075,2738.57080078125
89.86403743175806,1.5768973349759479,2738.57080078125
89.86411251888157,1.607963179499545,2738.57080078125
89.86413671920232,1.6390391558493362,2738.57080078125
89.86410675363885,1.6701246882649647,2738.57080078125
89.86417341452069,1.7323223606415075,2738.57080078125
89.86419166370399,1.7634336133970072,2738.57080078125
89.86422110921656,1.7945525095235133,2738.57080078125
89.86425463585613,1.825678659415427,2738.57080078125
89.86413969348713,1.8879516142025126,2738.57080078125
89.86411708850186,1.919097608212593,2738.57080078125
89.86409963756356,1.9502495171593774,2738.57080078125
89.86408063531506,1.9814070692334937,2738.57080078125
89.86394010178249,2.0437384040521382,2738.57080078125
89.86390281136528,2.0749115027322627,2738.57080078125
89.86390163670605,2.106089310736928,2738.57080078125
89.86393382778996,2.1372716606793816,2738.57080078125
89.86390951091157,2.1684582939671295,2738.57080078125
89.86395013032615,2.230844130987214,2738.57080078125
89.8639368518137,2.2620428187466577,2738.57080078125
89.86398248101982,2.2932451160254916,2738.57080078125
89.86407665904878,2.32445091263911,2738.57080078125
89.86408516106131,2.3556600175852522,2738.57080078125
89.86405499941276,2.3868723178941265,2738.57080078125
89.86413527826534,2.418087709491753,2738.57080078125
89.8640666839607,2.4493062940499524,2738.57080078125
89.86407547499176,2.4805276713487054,2738.57080078125
89.86407080912976,2.511751836899959,2738.57080078125
89.86415045962984,2.5429786253089586,2738.57080078125
89.86410412683789,2.5742079750776674,2738.57080078125
89.86412040453816,2.6054398296278007,2738.57080078125
